6/7/2018 14:51:42.262,0,6.522658
6/7/2018 14:51:42.270,1,6.523668
6/7/2018 14:51:42.277,2,6.524799
6/7/2018 14:51:42.285,3,6.525995
6/7/2018 14:51:42.293,4,6.527228
6/7/2018 14:51:42.301,5,6.528525
6/7/2018 14:51:42.309,6,6.529914
6/7/2018 14:51:42.316,7,6.53131
6/7/2018 14:51:42.324,8,6.532682
6/7/2018 14:51:42.332,9,6.534069
6/7/2018 14:51:42.340,10,6.535436
6/7/2018 14:51:42.348,11,6.536768
6/7/2018 14:51:42.356,12,6.538131
6/7/2018 14:51:42.363,13,6.539565
6/7/2018 14:51:42.371,14,6.541036
6/7/2018 14:51:42.379,15,6.542466
6/7/2018 14:51:42.387,16,6.543821
6/7/2018 14:51:42.395,17,6.545123
6/7/2018 14:51:42.402,18,6.546414
6/7/2018 14:51:42.410,19,6.547715
6/7/2018 14:51:42.418,20,6.549012
6/7/2018 14:51:42.426,21,6.550259
6/7/2018 14:51:42.434,22,6.551439
6/7/2018 14:51:42.441,23,6.552505
6/7/2018 14:51:42.449,24,6.553341
6/7/2018 14:51:42.457,25,6.553992
6/7/2018 14:51:42.465,26,6.554686
6/7/2018 14:51:42.473,27,6.555482
6/7/2018 14:51:42.481,28,6.556283
6/7/2018 14:51:42.488,29,6.557101
6/7/2018 14:51:42.496,30,6.557984
6/7/2018 14:51:42.504,31,6.558926
6/7/2018 14:51:42.512,32,6.559946
6/7/2018 14:51:42.520,33,6.561003
6/7/2018 14:51:42.527,34,6.561949
6/7/2018 14:51:42.535,35,6.562724
6/7/2018 14:51:42.543,36,6.563426
6/7/2018 14:51:42.551,37,6.564109
6/7/2018 14:51:42.559,38,6.564691
6/7/2018 14:51:42.566,39,6.565147
6/7/2018 14:51:42.574,40,6.565584
6/7/2018 14:51:42.582,41,6.566105
6/7/2018 14:51:42.590,42,6.566733
6/7/2018 14:51:42.598,43,6.567365
6/7/2018 14:51:42.606,44,6.567889
6/7/2018 14:51:42.613,45,6.568307
6/7/2018 14:51:42.621,46,6.568679
6/7/2018 14:51:42.629,47,6.569076
6/7/2018 14:51:42.637,48,6.569551
6/7/2018 14:51:42.645,49,6.570145
6/7/2018 14:51:42.652,50,6.570873
6/7/2018 14:51:42.660,51,6.571751
6/7/2018 14:51:42.668,52,6.57283
6/7/2018 14:51:42.676,53,6.57408
6/7/2018 14:51:42.684,54,6.575406
6/7/2018 14:51:42.691,55,6.576781
6/7/2018 14:51:42.699,56,6.578219
6/7/2018 14:51:42.707,57,6.57972
6/7/2018 14:51:42.715,58,6.581345
6/7/2018 14:51:42.723,59,6.583197
6/7/2018 14:51:42.731,60,6.58526
6/7/2018 14:51:42.738,61,6.587439
6/7/2018 14:51:42.746,62,6.589669
6/7/2018 14:51:42.754,63,6.591872
6/7/2018 14:51:42.762,64,6.594079
6/7/2018 14:51:42.770,65,6.596459
6/7/2018 14:51:42.777,66,6.59904
6/7/2018 14:51:42.785,67,6.601672
6/7/2018 14:51:42.793,68,6.604233
6/7/2018 14:51:42.801,69,6.606512
6/7/2018 14:51:42.809,70,6.607888
6/7/2018 14:51:42.816,71,6.607432
6/7/2018 14:51:42.824,72,6.604312
6/7/2018 14:51:42.832,73,6.598221
6/7/2018 14:51:42.840,74,6.589557
6/7/2018 14:51:42.848,75,6.579243
6/7/2018 14:51:42.856,76,6.568508
6/7/2018 14:51:42.863,77,6.55848
6/7/2018 14:51:42.871,78,6.549828
6/7/2018 14:51:42.879,79,6.542826
6/7/2018 14:51:42.887,80,6.537443
6/7/2018 14:51:42.895,81,6.533457
6/7/2018 14:51:42.902,82,6.53074
6/7/2018 14:51:42.910,83,6.529254
6/7/2018 14:51:42.918,84,6.528816
6/7/2018 14:51:42.926,85,6.529146
6/7/2018 14:51:42.934,86,6.530036
6/7/2018 14:51:42.941,87,6.531292
6/7/2018 14:51:42.949,88,6.532678
6/7/2018 14:51:42.957,89,6.53402
6/7/2018 14:51:42.965,90,6.535275
6/7/2018 14:51:42.973,91,6.536426
6/7/2018 14:51:42.981,92,6.53739
6/7/2018 14:51:42.988,93,6.538009
6/7/2018 14:51:42.996,94,6.538145
6/7/2018 14:51:43.004,95,6.537867
6/7/2018 14:51:43.012,96,6.537356
6/7/2018 14:51:43.020,97,6.536674
6/7/2018 14:51:43.027,98,6.53578
6/7/2018 14:51:43.035,99,6.534666
6/7/2018 14:51:43.043,100,6.533518
6/7/2018 14:51:43.051,101,6.532649
6/7/2018 14:51:43.059,102,6.532148
6/7/2018 14:51:43.066,103,6.531792
6/7/2018 14:51:43.074,104,6.531333
6/7/2018 14:51:43.082,105,6.530788
6/7/2018 14:51:43.090,106,6.530322
6/7/2018 14:51:43.098,107,6.530023
6/7/2018 14:51:43.106,108,6.529896
6/7/2018 14:51:43.113,109,6.529841
6/7/2018 14:51:43.121,110,6.529736
6/7/2018 14:51:43.129,111,6.529659
6/7/2018 14:51:43.137,112,6.52971
6/7/2018 14:51:43.145,113,6.529819
6/7/2018 14:51:43.152,114,6.529914
6/7/2018 14:51:43.160,115,6.529916
6/7/2018 14:51:43.168,116,6.529673
6/7/2018 14:51:43.176,117,6.529059
6/7/2018 14:51:43.184,118,6.5281
6/7/2018 14:51:43.191,119,6.526958
6/7/2018 14:51:43.199,120,6.525741
6/7/2018 14:51:43.207,121,6.524482
6/7/2018 14:51:43.215,122,6.523348
6/7/2018 14:51:43.223,123,6.522601
6/7/2018 14:51:43.231,124,6.522332
6/7/2018 14:51:43.238,125,6.522438
6/7/2018 14:51:43.246,126,6.522797
6/7/2018 14:51:43.254,127,6.523318
6/7/2018 14:51:43.262,128,6.524007
6/7/2018 14:51:43.270,129,6.525001
6/7/2018 14:51:43.277,130,6.52642
6/7/2018 14:51:43.285,131,6.528212
6/7/2018 14:51:43.293,132,6.530172
6/7/2018 14:51:43.301,133,6.532144
6/7/2018 14:51:43.309,134,6.534137
6/7/2018 14:51:43.316,135,6.536203
6/7/2018 14:51:43.324,136,6.538318
6/7/2018 14:51:43.332,137,6.54037
6/7/2018 14:51:43.340,138,6.542204
6/7/2018 14:51:43.348,139,6.543741
6/7/2018 14:51:43.356,140,6.545087
6/7/2018 14:51:43.363,141,6.54643
6/7/2018 14:51:43.371,142,6.547836
6/7/2018 14:51:43.379,143,6.54929
6/7/2018 14:51:43.387,144,6.550737
6/7/2018 14:51:43.395,145,6.552081
6/7/2018 14:51:43.402,146,6.553323
6/7/2018 14:51:43.410,147,6.554628
6/7/2018 14:51:43.418,148,6.556146
6/7/2018 14:51:43.426,149,6.557823
6/7/2018 14:51:43.434,150,6.55947
6/7/2018 14:51:43.441,151,6.560955
6/7/2018 14:51:43.449,152,6.562285
6/7/2018 14:51:43.457,153,6.563528
6/7/2018 14:51:43.465,154,6.564724
6/7/2018 14:51:43.473,155,6.565867
6/7/2018 14:51:43.481,156,6.566957
6/7/2018 14:51:43.488,157,6.568033
6/7/2018 14:51:43.496,158,6.569107
6/7/2018 14:51:43.504,159,6.57016
6/7/2018 14:51:43.512,160,6.571263
6/7/2018 14:51:43.520,161,6.572489
6/7/2018 14:51:43.527,162,6.573829
6/7/2018 14:51:43.535,163,6.57524
6/7/2018 14:51:43.543,164,6.576631
6/7/2018 14:51:43.551,165,6.577953
6/7/2018 14:51:43.559,166,6.579291
6/7/2018 14:51:43.566,167,6.580727
6/7/2018 14:51:43.574,168,6.582195
6/7/2018 14:51:43.582,169,6.583602
6/7/2018 14:51:43.590,170,6.58486
6/7/2018 14:51:43.598,171,6.585803
6/7/2018 14:51:43.606,172,6.586366
6/7/2018 14:51:43.613,173,6.586721
6/7/2018 14:51:43.621,174,6.587056
6/7/2018 14:51:43.629,175,6.587494
6/7/2018 14:51:43.637,176,6.588085
6/7/2018 14:51:43.645,177,6.588808
6/7/2018 14:51:43.652,178,6.58968
6/7/2018 14:51:43.660,179,6.59068
6/7/2018 14:51:43.668,180,6.591742
6/7/2018 14:51:43.676,181,6.592805
6/7/2018 14:51:43.684,182,6.593828
6/7/2018 14:51:43.691,183,6.594813
6/7/2018 14:51:43.699,184,6.595677
6/7/2018 14:51:43.707,185,6.596067
6/7/2018 14:51:43.715,186,6.595316
6/7/2018 14:51:43.723,187,6.592609
6/7/2018 14:51:43.731,188,6.587342
6/7/2018 14:51:43.738,189,6.579502
6/7/2018 14:51:43.746,190,6.569852
6/7/2018 14:51:43.754,191,6.559587
6/7/2018 14:51:43.762,192,6.549759
6/7/2018 14:51:43.770,193,6.541012
6/7/2018 14:51:43.777,194,6.533602
6/7/2018 14:51:43.785,195,6.527573
6/7/2018 14:51:43.793,196,6.522942
6/7/2018 14:51:43.801,197,6.519693
6/7/2018 14:51:43.809,198,6.517662
6/7/2018 14:51:43.816,199,6.516626
6/7/2018 14:51:43.824,200,6.516468
6/7/2018 14:51:43.832,201,6.517022
6/7/2018 14:51:43.840,202,6.518011
6/7/2018 14:51:43.848,203,6.519175
6/7/2018 14:51:43.856,204,6.520298
6/7/2018 14:51:43.863,205,6.521337
6/7/2018 14:51:43.871,206,6.522367
6/7/2018 14:51:43.879,207,6.523402
6/7/2018 14:51:43.887,208,6.524438
6/7/2018 14:51:43.895,209,6.525416
6/7/2018 14:51:43.902,210,6.526187
6/7/2018 14:51:43.910,211,6.52661
6/7/2018 14:51:43.918,212,6.526618
6/7/2018 14:51:43.926,213,6.526305
6/7/2018 14:51:43.934,214,6.525868
6/7/2018 14:51:43.941,215,6.525489
6/7/2018 14:51:43.949,216,6.525268
6/7/2018 14:51:43.957,217,6.525166
6/7/2018 14:51:43.965,218,6.525133
6/7/2018 14:51:43.973,219,6.52528
6/7/2018 14:51:43.981,220,6.525736
6/7/2018 14:51:43.988,221,6.526474
6/7/2018 14:51:43.996,222,6.527395
6/7/2018 14:51:44.004,223,6.528386
6/7/2018 14:51:44.012,224,6.529355
6/7/2018 14:51:44.020,225,6.53031
6/7/2018 14:51:44.027,226,6.531292
6/7/2018 14:51:44.035,227,6.532185
6/7/2018 14:51:44.043,228,6.532799
6/7/2018 14:51:44.051,229,6.533134
6/7/2018 14:51:44.059,230,6.533319
6/7/2018 14:51:44.066,231,6.533398
6/7/2018 14:51:44.074,232,6.533296
6/7/2018 14:51:44.082,233,6.532924
6/7/2018 14:51:44.090,234,6.532344
6/7/2018 14:51:44.098,235,6.531798
6/7/2018 14:51:44.106,236,6.531498
6/7/2018 14:51:44.113,237,6.531492
6/7/2018 14:51:44.121,238,6.5317
6/7/2018 14:51:44.129,239,6.531931
6/7/2018 14:51:44.137,240,6.532008
6/7/2018 14:51:44.145,241,6.532005
6/7/2018 14:51:44.152,242,6.532124
6/7/2018 14:51:44.160,243,6.532463
6/7/2018 14:51:44.168,244,6.532987
6/7/2018 14:51:44.176,245,6.533658
6/7/2018 14:51:44.184,246,6.534485
6/7/2018 14:51:44.191,247,6.535427
6/7/2018 14:51:44.199,248,6.536358
6/7/2018 14:51:44.207,249,6.537185
6/7/2018 14:51:44.215,250,6.537975
6/7/2018 14:51:44.223,251,6.538898
6/7/2018 14:51:44.231,252,6.540032
6/7/2018 14:51:44.238,253,6.541303
6/7/2018 14:51:44.246,254,6.542621
6/7/2018 14:51:44.254,255,6.54391
6/7/2018 14:51:44.262,256,6.545081
6/7/2018 14:51:44.270,257,6.546095
6/7/2018 14:51:44.277,258,6.546976
6/7/2018 14:51:44.285,259,6.547816
6/7/2018 14:51:44.293,260,6.548734
6/7/2018 14:51:44.301,261,6.549728
6/7/2018 14:51:44.309,262,6.550676
6/7/2018 14:51:44.316,263,6.551465
6/7/2018 14:51:44.324,264,6.552099
6/7/2018 14:51:44.332,265,6.552737
6/7/2018 14:51:44.340,266,6.553531
6/7/2018 14:51:44.348,267,6.55449
6/7/2018 14:51:44.356,268,6.555511
6/7/2018 14:51:44.363,269,6.556456
6/7/2018 14:51:44.371,270,6.557265
6/7/2018 14:51:44.379,271,6.558017
6/7/2018 14:51:44.387,272,6.558822
6/7/2018 14:51:44.395,273,6.559707
6/7/2018 14:51:44.402,274,6.560707
6/7/2018 14:51:44.410,275,6.561859
6/7/2018 14:51:44.418,276,6.563059
6/7/2018 14:51:44.426,277,6.564207
6/7/2018 14:51:44.434,278,6.565341
6/7/2018 14:51:44.441,279,6.5665
6/7/2018 14:51:44.449,280,6.567652
6/7/2018 14:51:44.457,281,6.568779
6/7/2018 14:51:44.465,282,6.569958
6/7/2018 14:51:44.473,283,6.571246
6/7/2018 14:51:44.481,284,6.572542
6/7/2018 14:51:44.488,285,6.573693
6/7/2018 14:51:44.496,286,6.574606
6/7/2018 14:51:44.504,287,6.575281
6/7/2018 14:51:44.512,288,6.575837
6/7/2018 14:51:44.520,289,6.576403
6/7/2018 14:51:44.527,290,6.577084
6/7/2018 14:51:44.535,291,6.577976
6/7/2018 14:51:44.543,292,6.579059
6/7/2018 14:51:44.551,293,6.580211
6/7/2018 14:51:44.559,294,6.581356
6/7/2018 14:51:44.566,295,6.582474
6/7/2018 14:51:44.574,296,6.583538
6/7/2018 14:51:44.582,297,6.584545
6/7/2018 14:51:44.590,298,6.585482
6/7/2018 14:51:44.598,299,6.586268
6/7/2018 14:51:44.606,300,6.58682
6/7/2018 14:51:44.613,301,6.587043
6/7/2018 14:51:44.621,302,6.586541
6/7/2018 14:51:44.629,303,6.584479
6/7/2018 14:51:44.637,304,6.580019
6/7/2018 14:51:44.645,305,6.572957
6/7/2018 14:51:44.652,306,6.563853
6/7/2018 14:51:44.660,307,6.553632
6/7/2018 14:51:44.668,308,6.543253
6/7/2018 14:51:44.676,309,6.533533
6/7/2018 14:51:44.684,310,6.524978
6/7/2018 14:51:44.691,311,6.517782
6/7/2018 14:51:44.699,312,6.511983
6/7/2018 14:51:44.707,313,6.507522
6/7/2018 14:51:44.715,314,6.504228
6/7/2018 14:51:44.723,315,6.501904
6/7/2018 14:51:44.731,316,6.500384
6/7/2018 14:51:44.738,317,6.499489
6/7/2018 14:51:44.746,318,6.499052
6/7/2018 14:51:44.754,319,6.498913
6/7/2018 14:51:44.762,320,6.4989
6/7/2018 14:51:44.770,321,6.498884
6/7/2018 14:51:44.777,322,6.498805
6/7/2018 14:51:44.785,323,6.498673
6/7/2018 14:51:44.793,324,6.498526
6/7/2018 14:51:44.801,325,6.498315
6/7/2018 14:51:44.809,326,6.497949
6/7/2018 14:51:44.816,327,6.497383
6/7/2018 14:51:44.824,328,6.496654
6/7/2018 14:51:44.832,329,6.495842
6/7/2018 14:51:44.840,330,6.494984
6/7/2018 14:51:44.848,331,6.494111
6/7/2018 14:51:44.856,332,6.493203
6/7/2018 14:51:44.863,333,6.492227
6/7/2018 14:51:44.871,334,6.491376
6/7/2018 14:51:44.879,335,6.49099
6/7/2018 14:51:44.887,336,6.491163
6/7/2018 14:51:44.895,337,6.49164
6/7/2018 14:51:44.902,338,6.492124
6/7/2018 14:51:44.910,339,6.492542
6/7/2018 14:51:44.918,340,6.492939
6/7/2018 14:51:44.926,341,6.493303
6/7/2018 14:51:44.934,342,6.493566
6/7/2018 14:51:44.941,343,6.493718
6/7/2018 14:51:44.949,344,6.493848
6/7/2018 14:51:44.957,345,6.49396
6/7/2018 14:51:44.965,346,6.493926
6/7/2018 14:51:44.973,347,6.493688
6/7/2018 14:51:44.981,348,6.493286
6/7/2018 14:51:44.988,349,6.49273
6/7/2018 14:51:44.996,350,6.492068
6/7/2018 14:51:45.004,351,6.491462
6/7/2018 14:51:45.012,352,6.49102
6/7/2018 14:51:45.020,353,6.490724
6/7/2018 14:51:45.027,354,6.490542
6/7/2018 14:51:45.035,355,6.490482
6/7/2018 14:51:45.043,356,6.490533
6/7/2018 14:51:45.051,357,6.490695
6/7/2018 14:51:45.059,358,6.491083
6/7/2018 14:51:45.066,359,6.491765
6/7/2018 14:51:45.074,360,6.492635
6/7/2018 14:51:45.082,361,6.4936
6/7/2018 14:51:45.090,362,6.494582
6/7/2018 14:51:45.098,363,6.49542
6/7/2018 14:51:45.106,364,6.496065
6/7/2018 14:51:45.113,365,6.496651
6/7/2018 14:51:45.121,366,6.497296
6/7/2018 14:51:45.129,367,6.498004
6/7/2018 14:51:45.137,368,6.498662
6/7/2018 14:51:45.145,369,6.499195
6/7/2018 14:51:45.152,370,6.499688
6/7/2018 14:51:45.160,371,6.500265
6/7/2018 14:51:45.168,372,6.500963
6/7/2018 14:51:45.176,373,6.501678
6/7/2018 14:51:45.184,374,6.502272
6/7/2018 14:51:45.191,375,6.502756
6/7/2018 14:51:45.199,376,6.503238
6/7/2018 14:51:45.207,377,6.503737
6/7/2018 14:51:45.215,378,6.504189
6/7/2018 14:51:45.223,379,6.504542
6/7/2018 14:51:45.231,380,6.504785
6/7/2018 14:51:45.238,381,6.504947
6/7/2018 14:51:45.246,382,6.505083
6/7/2018 14:51:45.254,383,6.505226
6/7/2018 14:51:45.262,384,6.505387
6/7/2018 14:51:45.270,385,6.505611
6/7/2018 14:51:45.277,386,6.506002
6/7/2018 14:51:45.285,387,6.506571
6/7/2018 14:51:45.293,388,6.507234
6/7/2018 14:51:45.301,389,6.50794
6/7/2018 14:51:45.309,390,6.508617
6/7/2018 14:51:45.316,391,6.509158
6/7/2018 14:51:45.324,392,6.509484
6/7/2018 14:51:45.332,393,6.509553
6/7/2018 14:51:45.340,394,6.509431
6/7/2018 14:51:45.348,395,6.509293
6/7/2018 14:51:45.356,396,6.509303
6/7/2018 14:51:45.363,397,6.509515
6/7/2018 14:51:45.371,398,6.509883
6/7/2018 14:51:45.379,399,6.510326
6/7/2018 14:51:45.387,400,6.510758
6/7/2018 14:51:45.395,401,6.511165
6/7/2018 14:51:45.402,402,6.511616
6/7/2018 14:51:45.410,403,6.512112
6/7/2018 14:51:45.418,404,6.512607
6/7/2018 14:51:45.426,405,6.513077
6/7/2018 14:51:45.434,406,6.513328
6/7/2018 14:51:45.441,407,6.512819
6/7/2018 14:51:45.449,408,6.510793
6/7/2018 14:51:45.457,409,6.506758
6/7/2018 14:51:45.465,410,6.500871
6/7/2018 14:51:45.473,411,6.49369
6/7/2018 14:51:45.481,412,6.48575
6/7/2018 14:51:45.488,413,6.477576
6/7/2018 14:51:45.496,414,6.46973
6/7/2018 14:51:45.504,415,6.462677
6/7/2018 14:51:45.512,416,6.456658
6/7/2018 14:51:45.520,417,6.451719
6/7/2018 14:51:45.527,418,6.447869
6/7/2018 14:51:45.535,419,6.445007
6/7/2018 14:51:45.543,420,6.442898
6/7/2018 14:51:45.551,421,6.441374
6/7/2018 14:51:45.559,422,6.440332
6/7/2018 14:51:45.566,423,6.439676
6/7/2018 14:51:45.574,424,6.439322
6/7/2018 14:51:45.582,425,6.439127
6/7/2018 14:51:45.590,426,6.438882
6/7/2018 14:51:45.598,427,6.438483
6/7/2018 14:51:45.606,428,6.438003
6/7/2018 14:51:45.613,429,6.437657
6/7/2018 14:51:45.621,430,6.437578
6/7/2018 14:51:45.629,431,6.437585
6/7/2018 14:51:45.637,432,6.437386
6/7/2018 14:51:45.645,433,6.436866
6/7/2018 14:51:45.652,434,6.436036
6/7/2018 14:51:45.660,435,6.434978
6/7/2018 14:51:45.668,436,6.433835
6/7/2018 14:51:45.676,437,6.432726
6/7/2018 14:51:45.684,438,6.431735
6/7/2018 14:51:45.691,439,6.430912
6/7/2018 14:51:45.699,440,6.430342
6/7/2018 14:51:45.707,441,6.430116
6/7/2018 14:51:45.715,442,6.430155
6/7/2018 14:51:45.723,443,6.430274
6/7/2018 14:51:45.731,444,6.430314
6/7/2018 14:51:45.738,445,6.430158
6/7/2018 14:51:45.746,446,6.42978
6/7/2018 14:51:45.754,447,6.429278
6/7/2018 14:51:45.762,448,6.428759
6/7/2018 14:51:45.770,449,6.428187
6/7/2018 14:51:45.777,450,6.427462
6/7/2018 14:51:45.785,451,6.426602
6/7/2018 14:51:45.793,452,6.425689
6/7/2018 14:51:45.801,453,6.424751
6/7/2018 14:51:45.809,454,6.423785
6/7/2018 14:51:45.816,455,6.422817
6/7/2018 14:51:45.824,456,6.421879
6/7/2018 14:51:45.832,457,6.420953
6/7/2018 14:51:45.840,458,6.42004
6/7/2018 14:51:45.848,459,6.419208
6/7/2018 14:51:45.856,460,6.418564
6/7/2018 14:51:45.863,461,6.418364
6/7/2018 14:51:45.871,462,6.418909
6/7/2018 14:51:45.879,463,6.42011
6/7/2018 14:51:45.887,464,6.421451
6/7/2018 14:51:45.895,465,6.42252
6/7/2018 14:51:45.902,466,6.423339
6/7/2018 14:51:45.910,467,6.424169
6/7/2018 14:51:45.918,468,6.425142
6/7/2018 14:51:45.926,469,6.426157
6/7/2018 14:51:45.934,470,6.427111
6/7/2018 14:51:45.941,471,6.428024
6/7/2018 14:51:45.949,472,6.428954
6/7/2018 14:51:45.957,473,6.42996
6/7/2018 14:51:45.965,474,6.431139
6/7/2018 14:51:45.973,475,6.432531
6/7/2018 14:51:45.981,476,6.434015
6/7/2018 14:51:45.988,477,6.435412
6/7/2018 14:51:45.996,478,6.436608
6/7/2018 14:51:46.004,479,6.437635
6/7/2018 14:51:46.012,480,6.438599
6/7/2018 14:51:46.020,481,6.439543
6/7/2018 14:51:46.027,482,6.440485
6/7/2018 14:51:46.035,483,6.441448
6/7/2018 14:51:46.043,484,6.442433
6/7/2018 14:51:46.051,485,6.443427
6/7/2018 14:51:46.059,486,6.444456
6/7/2018 14:51:46.066,487,6.445592
6/7/2018 14:51:46.074,488,6.446857
6/7/2018 14:51:46.082,489,6.448218
6/7/2018 14:51:46.090,490,6.44961
6/7/2018 14:51:46.098,491,6.45092
6/7/2018 14:51:46.106,492,6.452059
6/7/2018 14:51:46.113,493,6.453052
6/7/2018 14:51:46.121,494,6.453986
6/7/2018 14:51:46.129,495,6.454932
6/7/2018 14:51:46.137,496,6.455854
6/7/2018 14:51:46.145,497,6.456647
6/7/2018 14:51:46.152,498,6.457316
6/7/2018 14:51:46.160,499,6.457949
6/7/2018 14:51:46.168,500,6.458589
6/7/2018 14:51:46.176,501,6.459299
6/7/2018 14:51:46.184,502,6.46013
6/7/2018 14:51:46.191,503,6.46103
6/7/2018 14:51:46.199,504,6.461935
6/7/2018 14:51:46.207,505,6.462834
6/7/2018 14:51:46.215,506,6.463713
6/7/2018 14:51:46.223,507,6.464594
6/7/2018 14:51:46.231,508,6.46556
6/7/2018 14:51:46.238,509,6.466616
6/7/2018 14:51:46.246,510,6.467624
6/7/2018 14:51:46.254,511,6.468388
6/7/2018 14:51:46.262,512,6.468553
6/7/2018 14:51:46.270,513,6.467407
6/7/2018 14:51:46.277,514,6.464172
6/7/2018 14:51:46.285,515,6.458684
6/7/2018 14:51:46.293,516,6.451528
6/7/2018 14:51:46.301,517,6.443455
6/7/2018 14:51:46.309,518,6.435079
6/7/2018 14:51:46.316,519,6.426961
6/7/2018 14:51:46.324,520,6.4196
6/7/2018 14:51:46.332,521,6.413343
6/7/2018 14:51:46.340,522,6.408276
6/7/2018 14:51:46.348,523,6.404295
6/7/2018 14:51:46.356,524,6.40129
6/7/2018 14:51:46.363,525,6.39915
6/7/2018 14:51:46.371,526,6.397702
6/7/2018 14:51:46.379,527,6.396766
6/7/2018 14:51:46.387,528,6.396188
6/7/2018 14:51:46.395,529,6.395843
6/7/2018 14:51:46.402,530,6.395672
6/7/2018 14:51:46.410,531,6.395657
6/7/2018 14:51:46.418,532,6.39569
6/7/2018 14:51:46.426,533,6.395571
6/7/2018 14:51:46.434,534,6.395148
6/7/2018 14:51:46.441,535,6.394464
6/7/2018 14:51:46.449,536,6.393692
6/7/2018 14:51:46.457,537,6.392867
6/7/2018 14:51:46.465,538,6.391864
6/7/2018 14:51:46.473,539,6.390674
6/7/2018 14:51:46.481,540,6.389478
6/7/2018 14:51:46.488,541,6.388449
6/7/2018 14:51:46.496,542,6.387616
6/7/2018 14:51:46.504,543,6.387014
6/7/2018 14:51:46.512,544,6.386791
6/7/2018 14:51:46.520,545,6.386996
6/7/2018 14:51:46.527,546,6.387506
6/7/2018 14:51:46.535,547,6.388187
6/7/2018 14:51:46.543,548,6.388909
6/7/2018 14:51:46.551,549,6.38955
6/7/2018 14:51:46.559,550,6.39006
6/7/2018 14:51:46.566,551,6.390432
6/7/2018 14:51:46.574,552,6.390676
6/7/2018 14:51:46.582,553,6.390852
6/7/2018 14:51:46.590,554,6.39104
6/7/2018 14:51:46.598,555,6.391196
6/7/2018 14:51:46.606,556,6.391176
6/7/2018 14:51:46.613,557,6.390932
6/7/2018 14:51:46.621,558,6.390591
6/7/2018 14:51:46.629,559,6.390377
6/7/2018 14:51:46.637,560,6.390407
6/7/2018 14:51:46.645,561,6.390536
6/7/2018 14:51:46.652,562,6.390504
6/7/2018 14:51:46.660,563,6.390246
6/7/2018 14:51:46.668,564,6.389966
6/7/2018 14:51:46.676,565,6.389896
6/7/2018 14:51:46.684,566,6.390115
6/7/2018 14:51:46.691,567,6.390525
6/7/2018 14:51:46.699,568,6.390964
6/7/2018 14:51:46.707,569,6.391382
6/7/2018 14:51:46.715,570,6.391818
6/7/2018 14:51:46.723,571,6.392292
6/7/2018 14:51:46.731,572,6.392773
6/7/2018 14:51:46.738,573,6.393241
6/7/2018 14:51:46.746,574,6.393784
6/7/2018 14:51:46.754,575,6.394544
6/7/2018 14:51:46.762,576,6.395562
6/7/2018 14:51:46.770,577,6.396765
6/7/2018 14:51:46.777,578,6.398081
6/7/2018 14:51:46.785,579,6.399452
6/7/2018 14:51:46.793,580,6.400741
6/7/2018 14:51:46.801,581,6.40183
6/7/2018 14:51:46.809,582,6.402725
6/7/2018 14:51:46.816,583,6.403476
6/7/2018 14:51:46.824,584,6.404134
6/7/2018 14:51:46.832,585,6.404708
6/7/2018 14:51:46.840,586,6.405123
6/7/2018 14:51:46.848,587,6.405375
6/7/2018 14:51:46.856,588,6.405557
6/7/2018 14:51:46.863,589,6.405752
6/7/2018 14:51:46.871,590,6.406021
6/7/2018 14:51:46.879,591,6.406389
6/7/2018 14:51:46.887,592,6.406765
6/7/2018 14:51:46.895,593,6.407041
6/7/2018 14:51:46.902,594,6.407303
6/7/2018 14:51:46.910,595,6.407727
6/7/2018 14:51:46.918,596,6.408303
6/7/2018 14:51:46.926,597,6.408885
6/7/2018 14:51:46.934,598,6.409394
6/7/2018 14:51:46.941,599,6.409929
6/7/2018 14:51:46.949,600,6.410595
6/7/2018 14:51:46.957,601,6.41134
6/7/2018 14:51:46.965,602,6.412108
6/7/2018 14:51:46.973,603,6.412867
6/7/2018 14:51:46.981,604,6.413609
6/7/2018 14:51:46.988,605,6.414468
6/7/2018 14:51:46.996,606,6.415555
6/7/2018 14:51:47.004,607,6.416793
6/7/2018 14:51:47.012,608,6.418008
6/7/2018 14:51:47.020,609,6.419073
6/7/2018 14:51:47.027,610,6.420029
6/7/2018 14:51:47.035,611,6.420977
6/7/2018 14:51:47.043,612,6.421916
6/7/2018 14:51:47.051,613,6.422818
6/7/2018 14:51:47.059,614,6.423684
6/7/2018 14:51:47.066,615,6.424482
6/7/2018 14:51:47.074,616,6.42524
6/7/2018 14:51:47.082,617,6.426122
6/7/2018 14:51:47.090,618,6.427246
6/7/2018 14:51:47.098,619,6.428547
6/7/2018 14:51:47.106,620,6.429845
6/7/2018 14:51:47.113,621,6.43102
6/7/2018 14:51:47.121,622,6.432083
6/7/2018 14:51:47.129,623,6.43307
6/7/2018 14:51:47.137,624,6.433995
6/7/2018 14:51:47.145,625,6.434887
6/7/2018 14:51:47.152,626,6.435722
6/7/2018 14:51:47.160,627,6.436237
6/7/2018 14:51:47.168,628,6.435755
6/7/2018 14:51:47.176,629,6.433435
6/7/2018 14:51:47.184,630,6.42888
6/7/2018 14:51:47.191,631,6.422297
6/7/2018 14:51:47.199,632,6.414248
6/7/2018 14:51:47.207,633,6.405481
6/7/2018 14:51:47.215,634,6.396777
6/7/2018 14:51:47.223,635,6.388766
6/7/2018 14:51:47.231,636,6.381865
6/7/2018 14:51:47.238,637,6.376249
6/7/2018 14:51:47.246,638,6.371936
6/7/2018 14:51:47.254,639,6.368919
6/7/2018 14:51:47.262,640,6.367091
6/7/2018 14:51:47.270,641,6.366149
6/7/2018 14:51:47.277,642,6.365756
6/7/2018 14:51:47.285,643,6.36573
6/7/2018 14:51:47.293,644,6.365965
6/7/2018 14:51:47.301,645,6.366333
6/7/2018 14:51:47.309,646,6.366739
6/7/2018 14:51:47.316,647,6.36715
6/7/2018 14:51:47.324,648,6.367542
6/7/2018 14:51:47.332,649,6.367895
6/7/2018 14:51:47.340,650,6.368201
6/7/2018 14:51:47.348,651,6.368408
6/7/2018 14:51:47.356,652,6.368352
6/7/2018 14:51:47.363,653,6.367871
6/7/2018 14:51:47.371,654,6.367069
6/7/2018 14:51:47.379,655,6.366232
6/7/2018 14:51:47.387,656,6.365513
6/7/2018 14:51:47.395,657,6.364924
6/7/2018 14:51:47.402,658,6.364501
6/7/2018 14:51:47.410,659,6.364335
6/7/2018 14:51:47.418,660,6.3645
6/7/2018 14:51:47.426,661,6.364985
6/7/2018 14:51:47.434,662,6.365674
6/7/2018 14:51:47.441,663,6.366469
6/7/2018 14:51:47.449,664,6.367397
6/7/2018 14:51:47.457,665,6.36846
6/7/2018 14:51:47.465,666,6.369563
6/7/2018 14:51:47.473,667,6.370565
6/7/2018 14:51:47.481,668,6.37134
6/7/2018 14:51:47.488,669,6.371939
6/7/2018 14:51:47.496,670,6.372554
6/7/2018 14:51:47.504,671,6.373218
6/7/2018 14:51:47.512,672,6.373795
6/7/2018 14:51:47.520,673,6.374194
6/7/2018 14:51:47.527,674,6.374389
6/7/2018 14:51:47.535,675,6.374325
6/7/2018 14:51:47.543,676,6.373979
6/7/2018 14:51:47.551,677,6.373508
6/7/2018 14:51:47.559,678,6.373086
6/7/2018 14:51:47.566,679,6.372729
6/7/2018 14:51:47.574,680,6.372447
6/7/2018 14:51:47.582,681,6.372357
6/7/2018 14:51:47.590,682,6.372559
6/7/2018 14:51:47.598,683,6.373072
6/7/2018 14:51:47.606,684,6.373811
6/7/2018 14:51:47.613,685,6.37463
6/7/2018 14:51:47.621,686,6.375429
6/7/2018 14:51:47.629,687,6.376145
6/7/2018 14:51:47.637,688,6.376777
6/7/2018 14:51:47.645,689,6.377476
6/7/2018 14:51:47.652,690,6.3784
6/7/2018 14:51:47.660,691,6.37948
6/7/2018 14:51:47.668,692,6.380537
6/7/2018 14:51:47.676,693,6.381495
6/7/2018 14:51:47.684,694,6.382399
6/7/2018 14:51:47.691,695,6.383305
6/7/2018 14:51:47.699,696,6.384182
6/7/2018 14:51:47.707,697,6.385037
6/7/2018 14:51:47.715,698,6.385961
6/7/2018 14:51:47.723,699,6.386932
6/7/2018 14:51:47.731,700,6.387747
6/7/2018 14:51:47.738,701,6.388225
6/7/2018 14:51:47.746,702,6.38848
6/7/2018 14:51:47.754,703,6.388801
6/7/2018 14:51:47.762,704,6.389331
6/7/2018 14:51:47.770,705,6.390019
6/7/2018 14:51:47.777,706,6.390732
6/7/2018 14:51:47.785,707,6.391397
6/7/2018 14:51:47.793,708,6.392084
6/7/2018 14:51:47.801,709,6.392883
6/7/2018 14:51:47.809,710,6.39375
6/7/2018 14:51:47.816,711,6.394617
6/7/2018 14:51:47.824,712,6.395601
6/7/2018 14:51:47.832,713,6.396827
6/7/2018 14:51:47.840,714,6.398187
6/7/2018 14:51:47.848,715,6.399513
6/7/2018 14:51:47.856,716,6.400819
6/7/2018 14:51:47.863,717,6.402229
6/7/2018 14:51:47.871,718,6.403764
6/7/2018 14:51:47.879,719,6.405291
6/7/2018 14:51:47.887,720,6.406706
6/7/2018 14:51:47.895,721,6.407983
6/7/2018 14:51:47.902,722,6.409093
6/7/2018 14:51:47.910,723,6.410079
6/7/2018 14:51:47.918,724,6.41111
6/7/2018 14:51:47.926,725,6.412287
6/7/2018 14:51:47.934,726,6.413596
6/7/2018 14:51:47.941,727,6.415066
6/7/2018 14:51:47.949,728,6.416681
6/7/2018 14:51:47.957,729,6.418257
6/7/2018 14:51:47.965,730,6.41968
6/7/2018 14:51:47.973,731,6.421034
6/7/2018 14:51:47.981,732,6.422373
6/7/2018 14:51:47.988,733,6.423666
6/7/2018 14:51:47.996,734,6.42491
6/7/2018 14:51:48.004,735,6.426112
6/7/2018 14:51:48.012,736,6.427258
6/7/2018 14:51:48.020,737,6.428291
6/7/2018 14:51:48.027,738,6.429181
6/7/2018 14:51:48.035,739,6.430069
6/7/2018 14:51:48.043,740,6.431161
6/7/2018 14:51:48.051,741,6.432459
6/7/2018 14:51:48.059,742,6.433774
6/7/2018 14:51:48.066,743,6.434876
6/7/2018 14:51:48.074,744,6.435435
6/7/2018 14:51:48.082,745,6.434916
6/7/2018 14:51:48.090,746,6.432632
6/7/2018 14:51:48.098,747,6.428074
6/7/2018 14:51:48.106,748,6.421353
6/7/2018 14:51:48.113,749,6.413195
6/7/2018 14:51:48.121,750,6.404435
6/7/2018 14:51:48.129,751,6.395756
6/7/2018 14:51:48.137,752,6.387791
6/7/2018 14:51:48.145,753,6.381067
6/7/2018 14:51:48.152,754,6.375816
6/7/2018 14:51:48.160,755,6.371952
6/7/2018 14:51:48.168,756,6.369225
6/7/2018 14:51:48.176,757,6.367397
6/7/2018 14:51:48.184,758,6.366338
6/7/2018 14:51:48.191,759,6.366016
6/7/2018 14:51:48.199,760,6.366378
6/7/2018 14:51:48.207,761,6.367226
6/7/2018 14:51:48.215,762,6.368269
6/7/2018 14:51:48.223,763,6.369347
6/7/2018 14:51:48.231,764,6.370486
6/7/2018 14:51:48.238,765,6.371695
6/7/2018 14:51:48.246,766,6.372781
6/7/2018 14:51:48.254,767,6.373481
